{"cameraMode":{"drawMode":0,"name":"Shaded","section":"Shading Mode"},"sceneLighting":false,"audioPlay":false,"sceneViewState":{"showFog":true,"showMaterialUpdate":false,"showSkybox":false,"showFlares":true,"showImageEffects":true,"showParticleSystems":true,"showVisualEffectGraphs":true},"in2DMode":false,"pivot":{"x":-1.0283164978027344,"y":-0.07644867897033692,"z":-1.0521119832992554},"rotation":{"x":0.08835548907518387,"y":0.02569630928337574,"z":-0.0022821135353296997,"w":0.9957612752914429},"size":18.484909057617189,"orthographic":false}