{"cameraMode":{"drawMode":0,"name":"Shaded","section":"Shading Mode"},"sceneLighting":true,"audioPlay":false,"sceneViewState":{"showFog":true,"showMaterialUpdate":false,"showSkybox":true,"showFlares":true,"showImageEffects":true,"showParticleSystems":true,"showVisualEffectGraphs":true},"in2DMode":false,"pivot":{"x":1.3114391565322877,"y":-0.17259718477725984,"z":-0.7153328657150269},"rotation":{"x":-0.04576929286122322,"y":-0.07187202572822571,"z":0.0032681594602763654,"w":-0.9963989853858948},"size":10.597558975219727,"orthographic":false}